Name,OOB
V14,0.55170333
V17,0.07131075
V10,0.029788963
V4,0.027575685
