Name,OOB
V17,0.2216598620420121
V10,0.17257467592831208
V14,0.16411775443855106
V11,0.07824649397302016
V7,0.04794911215261953
V16,0.044537965962740046
V3,0.04207767099558187
V4,0.0343054729025963
V12,0.02999812613323503
