Name,OOB
V14,0.22458836746281244
V4,0.12858981044747794
V8,0.07032098987458252
V22,0.06684252592542005
Scaled_Time,0.0637527923273407
V17,0.06311563767650841
V19,0.05224993832703481
V20,0.0521360847783786
Scaled_Amount,0.0471055701037571
V7,0.04456591567646192
